school,url_school,location
Abilene Christian Wildcats,abilene-christian,"Abilene, Texas"
Air Force Falcons,air-force,"USAF Academy, Colorado"
Akron Zips,akron,"Akron, Ohio"
Alabama A&M Bulldogs,alabama-am,"Normal, Alabama"
Alabama Crimson Tide,alabama,"Tuscaloosa, Alabama"
Alabama State Hornets,alabama-state,"Montgomery, Alabama"
Alabama-Birmingham Blazers,alabama-birmingham,"Birmingham, Alabama"
Albany (NY) Great Danes,albany-ny,"Albany, New York"
Alcorn State Braves,alcorn-state,"Alcorn State, Mississippi"
Allegheny Gators,allegheny,"Meadville, Pennsylvania"
American Eagles,american,"Washington, D.C."
Amherst Lord Jeffs,amherst,"Amherst, Massachusetts"
Appalachian State Mountaineers,appalachian-state,"Boone, North Carolina"
Arizona State Sun Devils,arizona-state,"Tempe, Arizona"
Arizona Wildcats,arizona,"Tucson, Arizona"
Arkansas Razorbacks,arkansas,"Fayetteville, Arkansas"
Arkansas State Red Wolves,arkansas-state,"State University, Arkansas"
Arkansas-Pine Bluff Golden Lions,arkansas-pine-bluff,"Pine Bluff, Arkansas"
Armstrong Pirates,armstrong,"Savannah, Georgia"
Army Black Knights,army,"West Point, New York"
Auburn Tigers,auburn,"Auburn, Alabama"
Augusta State Jaguars,augusta-state,"Augusta, Georgia"
Augustana (IL) Vikings,augustana-il,"Rock Island, Illinois"
Austin Peay Governors,austin-peay,"Clarksville, Tennessee"
Baker University Wildcats,baker-university,"Baldwin City, Kansas"
Baldwin-Wallace Yellow Jackets,baldwin-wallace,"Berea, Ohio"
Ball State Cardinals,ball-state,"Muncie, Indiana"
Baltimore Super Bees,baltimore,"Baltimore, Maryland"
Baylor Bears,baylor,"Waco, Texas"
Belmont Bruins,belmont,"Nashville, Tennessee"
Beloit Buccaneers,beloit,"Beloit, Wisconsin"
Bethune-Cookman Wildcats,bethune-cookman,"Daytona Beach, Florida"
Binghamton Bearcats,binghamton,"Binghamton, New York"
Birmingham-Southern Panthers,birmingham-southern,"Birmingham, Alabama"
Bloomsburg Huskies,bloomsburg,"Bloomsburg, Pennsylvania"
Boise State Broncos,boise-state,"Boise, Idaho"
Boston College Eagles,boston-college,"Chestnut Hill, Massachusetts"
Boston University Terriers,boston-university,"Boston, Massachusetts"
Bowling Green State Falcons,bowling-green-state,"Bowling Green, Ohio"
Bradley Braves,bradley,"Peoria, Illinois"
Brigham Young College ,brigham-young-college,"Logan, Utah"
Brigham Young Cougars,brigham-young,"Provo, Utah"
Brooklyn Bulldogs,brooklyn,"Brooklyn, New York"
Brown Bears,brown,"Providence, Rhode Island"
Bryant Bulldogs,bryant,"Smithfield, Rhode Island"
Bucknell Bison,bucknell,"Lewisburg, Pennsylvania"
Buffalo Bulls,buffalo,"Buffalo, New York"
Butler Bulldogs,butler,"Indianapolis, Indiana"
Cal Poly Mustangs,cal-poly,"San Luis Obispo, California"
Cal State Bakersfield Roadrunners,cal-state-bakersfield,"Bakersfield, California"
Cal State Fullerton Titans,cal-state-fullerton,"Fullerton, California"
Cal State Long Beach 49ers,long-beach-state,"Long Beach, California"
Cal State Los Angeles Golden Eagles,cal-state-los-angeles,"Los Angeles, California"
Cal State Northridge Matadors,cal-state-northridge,"Northridge, California"
California Baptist Lancers,california-baptist,"Riverside, California"
Campbell Fighting Camels,campbell,"Buies Creek, North Carolina"
Canisius Golden Griffins,canisius,"Buffalo, New York"
Carleton College Knights,carleton-college,"Northfield, Minnesota"
Carnegie Mellon Tartans,carnegie-mellon,"Pittsburgh, Pennsylvania"
Case Western Reserve Spartans,case-western-reserve,"Cleveland, Ohio"
Catholic Cardinals,catholic,"Washington, D.C."
Centenary (LA) Gents,centenary-la,"Shreveport, Louisiana"
Central Arkansas Bears,central-arkansas,"Conway, Arkansas"
Central Connecticut State Blue Devils,central-connecticut-state,"New Britain, Connecticut"
Central Florida Knights,central-florida,"Orlando, Florida"
Central Michigan Chippewas,central-michigan,"Mount Pleasant, Michigan"
Central Missouri Mules,central-missouri,"Warrensburg, Missouri"
Central Normal College ,central-normal-college,"Danville, Indiana"
Central Pennsylvania College Knights,central-pennsylvania-college,"Summerdale, Pennsylvania"
Centre (KY) Colonels,centre-ky,"Danville, Kentucky"
Charleston Southern Buccaneers,charleston-southern,"Charleston, South Carolina"
Charlotte 49ers,charlotte,"Charlotte, North Carolina"
Chattanooga Mocs,chattanooga,"Chattanooga, Tennessee"
Cheyenne Business College ,cheyenne-business-college,"Cheyenne, Wyoming"
Chicago Maroons,chicago,"Chicago, Illinois"
Chicago State Cougars,chicago-state,"Chicago, Illinois"
Cincinnati Bearcats,cincinnati,"Cincinnati, Ohio"
Citadel Bulldogs,citadel,"Charleston, South Carolina"
City College of New York Beavers,city-college-of-new-york,"New York, New York"
Clemson Tigers,clemson,"Clemson, South Carolina"
Cleveland State Vikings,cleveland-state,"Cleveland, Ohio"
Coastal Carolina Chanticleers,coastal-carolina,"Conway, South Carolina"
Colgate Raiders,colgate,"Hamilton, New York"
College of Charleston Cougars,college-of-charleston,"Charleston, South Carolina"
College of New Jersey Lions,college-of-new-jersey,"Ewing, New Jersey"
Colorado Buffaloes,colorado,"Boulder, Colorado"
Colorado College Tigers,colorado-college,"Colorado Springs, Colorado"
Colorado School of Mines Orediggers,colorado-school-of-mines,"Golden, Colorado"
Colorado State Rams,colorado-state,"Fort Collins, Colorado"
Columbia Lions,columbia,"New York, New York"
Concordia Seminary Preachers,concordia-seminary,"St. Louis, Missouri"
Connecticut Huskies,connecticut,"Storrs, Connecticut"
Coppin State Eagles,coppin-state,"Baltimore, Maryland"
Cornell Big Red,cornell,"Ithaca, New York"
Cotner University ,cotner-university,"Lincoln, Nebraska"
Creighton Bluejays,creighton,"Omaha, Nebraska"
Cumberland University Bulldogs,cumberland-university,"Lebanon, Tennessee"
Dakota Wesleyan Tigers,dakota-wesleyan,"Mitchell, South Dakota"
Dartmouth Big Green,dartmouth,"Hanover, New Hampshire"
Davidson Wildcats,davidson,"Davidson, North Carolina"
Dayton Flyers,dayton,"Dayton, Ohio"
Delaware Fightin' Blue Hens,delaware,"Newark, Delaware"
Delaware State Hornets,delaware-state,"Dover, Delaware"
Denison Big Red,denison,"Granville, Ohio"
Denver Pioneers,denver,"Denver, Colorado"
DePaul Blue Demons,depaul,"Chicago, Illinois"
DePauw Tigers,depauw,"Greencastle, Indiana"
Detroit Mercy Titans,detroit-mercy,"Detroit, Michigan"
Dickinson College Red Devils,dickinson-college,"Carlisle, Pennsylvania"
Drake Bulldogs,drake,"Des Moines, Iowa"
Drexel Dragons,drexel,"Philadelphia, Pennsylvania"
Duke Blue Devils,duke,"Durham, North Carolina"
Duquesne Dukes,duquesne,"Pittsburgh, Pennsylvania"
East Carolina Pirates,east-carolina,"Greenville, North Carolina"
East Central Tigers,east-central,"Ada, Oklahoma"
East Tennessee State Buccaneers,east-tennessee-state,"Johnson City, Tennessee"
Eastern Illinois Panthers,eastern-illinois,"Charleston, Illinois"
Eastern Kentucky Colonels,eastern-kentucky,"Richmond, Kentucky"
Eastern Michigan Eagles,eastern-michigan,"Ypsilanti, Michigan"
Eastern Washington Eagles,eastern-washington,"Cheney, Washington"
Elon Phoenix,elon,"Elon, North Carolina"
Emporia State Hornets,emporia-state,"Emporia, Kansas"
Evansville Purple Aces,evansville,"Evansville, Indiana"
Fairfield Stags,fairfield,"Fairfield, Connecticut"
Fairleigh Dickinson Knights,fairleigh-dickinson,"Teaneck, New Jersey"
Florida A&M Rattlers,florida-am,"Tallahassee, Florida"
Florida Atlantic Owls,florida-atlantic,"Boca Raton, Florida"
Florida Gators,florida,"Gainesville, Florida"
Florida Gulf Coast Eagles,florida-gulf-coast,"Fort Myers, Florida"
Florida International Panthers,florida-international,"Miami, Florida"
Florida State Seminoles,florida-state,"Tallahassee, Florida"
Fordham Rams,fordham,"Bronx, New York"
Franklin Grizzlies,franklin,"Franklin, Indiana"
Fresno State Bulldogs,fresno-state,"Fresno, California"
Furman Paladins,furman,"Greenville, South Carolina"
Gardner-Webb Runnin' Bulldogs,gardner-webb,"Boiling Springs, North Carolina"
Geneva Golden Tornadoes,geneva,"Beaver Falls, Pennsylvania"
George Mason Patriots,george-mason,"Fairfax, Virginia"
George Washington Colonials,george-washington,"Washington, D.C."
Georgetown Hoyas,georgetown,"Washington, D.C."
Georgia Bulldogs,georgia,"Athens, Georgia"
Georgia Southern Eagles,georgia-southern,"Statesboro, Georgia"
Georgia State Panthers,georgia-state,"Atlanta, Georgia"
Georgia Tech Yellow Jackets,georgia-tech,"Atlanta, Georgia"
Gettysburg Bullets,gettysburg,"Gettysburg, Pennsylvania"
Gonzaga Bulldogs,gonzaga,"Spokane, Washington"
Grambling Tigers,grambling,"Grambling, Louisiana"
Grand Canyon Antelopes,grand-canyon,"Phoenix, Arizona"
Green Bay Phoenix,green-bay,"Green Bay, Wisconsin"
Grinnell Pioneers,grinnell,"Grinnell, Iowa"
Grove City Wolverines,grove-city,"Grove City, Pennsylvania"
Hamline Pipers,hamline,"St. Paul, Minnesota"
Hampton Pirates,hampton,"Hampton, Virginia"
Hardin-Simmons Cowboys,hardin-simmons,"Abilene, Texas"
Hartford Hawks,hartford,"West Hartford, Connecticut"
Harvard Crimson,harvard,"Boston, Massachusetts"
Haskell (KS) Fighting Indians,haskell-indian-nations-institute,"Lawrence, Kansas"
Hawaii Rainbow Warriors,hawaii,"Honolulu, Hawaii"
High Point Panthers,high-point,"High Point, North Carolina"
Hiram Terriers,hiram,"Hiram, Ohio"
Hofstra Pride,hofstra,"Hempstead, New York"
Holy Cross Crusaders,holy-cross,"Worcester, Massachusetts"
Hope Flying Dutchmen,hope,"Holland, Michigan"
Houston Baptist Huskies,houston-baptist,"Houston, Texas"
Houston Cougars,houston,"Houston, Texas"
Howard Bison,howard,"Washington, D.C."
Idaho State Bengals,idaho-state,"Pocatello, Idaho"
Idaho Vandals,idaho,"Moscow, Idaho"
Illinois Fighting Illini,illinois,"Champaign, Illinois"
Illinois State Redbirds,illinois-state,"Normal, Illinois"
Illinois Wesleyan Titans,illinois-wesleyan,"Bloomington, Illinois"
Illinois-Chicago Flames,illinois-chicago,"Chicago, Illinois"
Incarnate Word Cardinals,incarnate-word,"San Antonio, Texas"
Indiana Hoosiers,indiana,"Bloomington, Indiana"
Indiana State Sycamores,indiana-state,"Terre Haute, Indiana"
Iona Gaels,iona,"New Rochelle, New York"
Iowa Hawkeyes,iowa,"Iowa City, Iowa"
Iowa State Cyclones,iowa-state,"Ames, Iowa"
IUPUI Jaguars,iupui,"Indianapolis, Indiana"
Jackson State Tigers,jackson-state,"Jackson, Mississippi"
Jacksonville Dolphins,jacksonville,"Jacksonville, Florida"
Jacksonville State Gamecocks,jacksonville-state,"Jacksonville, Alabama"
James Madison Dukes,james-madison,"Harrisonburg, Virginia"
John Carroll Blue Streaks,john-carroll,"University Heights, Ohio"
Kalamazoo Hornets,kalamazoo,"Kalamazoo, Michigan"
Kansas Jayhawks,kansas,"Lawrence, Kansas"
Kansas State Wildcats,kansas-state,"Manhattan, Kansas"
Kennesaw State Owls,kennesaw-state,"Kennesaw, Georgia"
Kent State Golden Flashes,kent-state,"Kent, Ohio"
Kentucky Wesleyan Panthers,kentucky-wesleyan,"Owensboro, Kentucky"
Kentucky Wildcats,kentucky,"Lexington, Kentucky"
La Salle Explorers,la-salle,"Philadelphia, Pennsylvania"
Lafayette Leopards,lafayette,"Easton, Pennsylvania"
Lake Forest Foresters,lake-forest,"Lake Forest, Illinois"
Lamar Cardinals,lamar,"Beaumont, Texas"
Latter Day Saints University ,latter-day-saints-university,"Salt Lake City, Utah"
Lawrence Vikings,lawrence,"Appleton, Wisconsin"
Lehigh Mountain Hawks,lehigh,"Bethlehem, Pennsylvania"
Lewis Institute ,lewis-university,"Chicago, Illinois"
Liberty Flames,liberty,"Lynchburg, Virginia"
Lipscomb Bisons,lipscomb,"Nashville, Tennessee"
Little Rock Trojans,arkansas-little-rock,"Little Rock, Arkansas"
Long Island University Sharks,long-island-university,"Brooklyn, New York"
Longwood Lancers,longwood,"Farmville, Virginia"
Louisiana Ragin' Cajuns,louisiana-lafayette,"Lafayette, Louisiana"
Louisiana State Fighting Tigers,louisiana-state,"Baton Rouge, Louisiana"
Louisiana Tech Bulldogs,louisiana-tech,"Ruston, Louisiana"
Louisiana-Monroe Warhawks,louisiana-monroe,"Monroe, Louisiana"
Louisville Cardinals,louisville,"Louisville, Kentucky"
Loyola (IL) Ramblers,loyola-il,"Chicago, Illinois"
Loyola (LA) Wolfpack,loyola-la,"New Orleans, Louisiana"
Loyola (MD) Greyhounds,loyola-md,"Baltimore, Maryland"
Loyola Marymount Lions,loyola-marymount,"Los Angeles, California"
Macalester Scots,macalester,"St. Paul, Minnesota"
Maine Black Bears,maine,"Orono, Maine"
Manchester Spartans,manchester,"North Manchester, Indiana"
Manhattan Jaspers,manhattan,"Riverdale, New York"
Marietta Pioneers,marietta,"Marietta, Ohio"
Marist Red Foxes,marist,"Poughkeepsie, New York"
Marquette Golden Eagles,marquette,"Milwaukee, Wisconsin"
Marshall Thundering Herd,marshall,"Huntington, West Virginia"
Maryland Terrapins,maryland,"College Park, Maryland"
Maryland-Baltimore County Retrievers,maryland-baltimore-county,"Baltimore, Maryland"
Maryland-Eastern Shore Hawks,maryland-eastern-shore,"Princess Anne, Maryland"
Massachusetts Institute of Technology Engineers,massachusetts-institute-of-technology,"Cambridge, Massachusetts"
Massachusetts Minutemen,massachusetts,"Amherst, Massachusetts"
Massachusetts-Lowell River Hawks,massachusetts-lowell,"Lowell, Massachusetts"
McNeese State Cowboys,mcneese-state,"Lake Charles, Louisiana"
Memphis Tigers,memphis,"Memphis, Tennessee"
Mercer Bears,mercer,"Macon, Georgia"
Merchant Marine Academy Mariners,merchant-marine-academy,"King's Point, New York"
Merrimack Warriors,merrimack,"North Andover, Massachusetts"
Miami (FL) Hurricanes,miami-fl,"Coral Gables, Florida"
Miami (OH) RedHawks,miami-oh,"Oxford, Ohio"
Michigan State Spartans,michigan-state,"East Lansing, Michigan"
Michigan Wolverines,michigan,"Ann Arbor, Michigan"
Middle Tennessee Blue Raiders,middle-tennessee,"Murfreesboro, Tennessee"
Millikin Big Blue,millikin,"Decatur, Illinois"
Millsaps Majors,millsaps,"Jackson, Mississippi"
Milwaukee Panthers,milwaukee,"Milwaukee, Wisconsin"
Minnesota A&M Aggies,minnesota-am,"St. Paul, Minnesota"
Minnesota Golden Gophers,minnesota,"Minneapolis, Minnesota"
Mississippi Rebels,mississippi,"University, Mississippi"
Mississippi State Bulldogs,mississippi-state,"Mississippi State, Mississippi"
Mississippi Valley State Delta Devils,mississippi-valley-state,"Itta Bena, Mississippi"
Missouri State Bears,missouri-state,"Springfield, Missouri"
Missouri Tigers,missouri,"Columbia, Missouri"
Missouri-Kansas City Kangaroos,missouri-kansas-city,"Kansas City, Missouri"
Monmouth Hawks,monmouth,"West Long Branch, New Jersey"
Montana Grizzlies,montana,"Missoula, Montana"
Montana State Bobcats,montana-state,"Bozeman, Montana"
Morehead State Eagles,morehead-state,"Morehead, Kentucky"
Morgan State Bears,morgan-state,"Baltimore, Maryland"
Morris Brown Wolverines,morris-brown,"Atlanta, Georgia"
Mount St. Mary's Mountaineers,mount-st-marys,"Emmitsburg, Maryland"
Mount Union Purple Raiders,mount-union,"Alliance, Ohio"
Muhlenburg Mules,muhlenburg,"Allentown, Pennsylvania"
Murray State Racers,murray-state,"Murray, Kentucky"
Muskingum Fighting Muskies,muskingum,"New Concord, Ohio"
Navy Midshipmen,navy,"Annapolis, Maryland"
Nebraska Cornhuskers,nebraska,"Lincoln, Nebraska"
Nebraska Wesleyan Prairie Wolves,nebraska-wesleyan,"Lincoln, Nebraska"
Nevada Wolf Pack,nevada,"Reno, Nevada"
Nevada-Las Vegas Rebels,nevada-las-vegas,"Las Vegas, Nevada"
New Hampshire Wildcats,new-hampshire,"Durham, New Hampshire"
New Mexico Lobos,new-mexico,"Albuquerque, New Mexico"
New Mexico State Aggies,new-mexico-state,"Las Cruces, New Mexico"
New Orleans Privateers,new-orleans,"New Orleans, Louisiana"
New York University Violets,new-york-university,"New York, New York"
Newberry Wolves,newberry,"Newberry, South Carolina"
Niagara Purple Eagles,niagara,"Niagara University, New York"
Nicholls State Colonels,nicholls-state,"Thibodaux, Louisiana"
NJIT Highlanders,njit,"Newark, New Jersey"
Norfolk State Spartans,norfolk-state,"Norfolk, Virginia"
North Alabama Lions,north-alabama,"Florence, Alabama"
North Carolina A&T Aggies,north-carolina-at,"Greensboro, North Carolina"
North Carolina Central Eagles,north-carolina-central,"Durham, North Carolina"
North Carolina State Wolfpack,north-carolina-state,"Raleigh, North Carolina"
North Carolina Tar Heels,north-carolina,"Chapel Hill, North Carolina"
North Carolina-Asheville Bulldogs,north-carolina-asheville,"Asheville, North Carolina"
North Carolina-Greensboro Spartans,north-carolina-greensboro,"Greensboro, North Carolina"
North Carolina-Wilmington Seahawks,north-carolina-wilmington,"Wilmington, North Carolina"
North Central Cardinals,north-central,"Naperville, Illinois"
North Dakota Fighting Hawks,north-dakota,"Grand Forks, North Dakota"
North Dakota State Bison,north-dakota-state,"Fargo, North Dakota"
North Florida Ospreys,north-florida,"Jacksonville, Florida"
North Texas Mean Green,north-texas,"Denton, Texas"
Northeastern Huskies,northeastern,"Boston, Massachusetts"
Northeastern Illinois Golden Eagles,northeastern-illinois,"Chicago, Illinois"
Northern Arizona Lumberjacks,northern-arizona,"Flagstaff, Arizona"
Northern Colorado Bears,northern-colorado,"Greeley, Colorado"
Northern Illinois Huskies,northern-illinois,"De Kalb, Illinois"
Northern Iowa Panthers,northern-iowa,"Cedar Falls, Iowa"
Northern Kentucky Norse,northern-kentucky,"Highland Heights, Kentucky"
Northwest Missouri State Bearcats,northwest-missouri-state,"Maryville, Missouri"
Northwestern State Demons,northwestern-state,"Natchitoches, Louisiana"
Northwestern Wildcats,northwestern,"Evanston, Illinois"
Notre Dame Fighting Irish,notre-dame,"Notre Dame, Indiana"
Oakland Golden Grizzlies,oakland,"Rochester, Michigan"
Oberlin Yeomen,oberlin,"Oberlin, Ohio"
Ohio Bobcats,ohio,"Athens, Ohio"
Ohio State Buckeyes,ohio-state,"Columbus, Ohio"
Ohio Wesleyan Battling Bishops,ohio-wesleyan,"Delaware, Ohio"
Oklahoma City Chiefs,oklahoma-city,"Oklahoma City, Oklahoma"
Oklahoma Sooners,oklahoma,"Norman, Oklahoma"
Oklahoma State Cowboys,oklahoma-state,"Stillwater, Oklahoma"
Old Dominion Monarchs,old-dominion,"Norfolk, Virginia"
Omaha Mavericks,nebraska-omaha,"Omaha, Nebraska"
Oral Roberts Golden Eagles,oral-roberts,"Tulsa, Oklahoma"
Oregon Ducks,oregon,"Eugene, Oregon"
Oregon State Beavers,oregon-state,"Corvallis, Oregon"
Pacific Tigers,pacific,"Stockton, California"
Penn State Nittany Lions,penn-state,"University Park, Pennsylvania"
Pennsylvania Quakers,pennsylvania,"Philadelphia, Pennsylvania"
Pepperdine Waves,pepperdine,"Malibu, California"
Phillips Haymakers,phillips,"Enid, Oklahoma"
Pittsburg State Gorillas,pittsburg-state,"Pittsburg, Kansas"
Pittsburgh Panthers,pittsburgh,"Pittsburgh, Pennsylvania"
Portland Pilots,portland,"Portland, Oregon"
Portland State Vikings,portland-state,"Portland, Oregon"
Prairie View Panthers,prairie-view,"Prairie View, Texas"
Pratt Institute Cannoneers,pratt-institute,"Brooklyn, New York"
Presbyterian Blue Hose,presbyterian,"Clinton, South Carolina"
Princeton Tigers,princeton,"Princeton, New Jersey"
Providence Friars,providence,"Providence, Rhode Island"
Purdue Boilermakers,purdue,"West Lafayette, Indiana"
Purdue-Fort Wayne Mastodons,ipfw,"Fort Wayne, Indiana"
Quinnipiac Bobcats,quinnipiac,"Hamden, Connecticut"
Radford Highlanders,radford,"Radford, Virginia"
Regis (CO) Rangers,regis-co,"Denver, Colorado"
Rensselaer Engineers,rensselaer,"Troy, New York"
Rhode Island Rams,rhode-island,"Kingston, Rhode Island"
Rice Owls,rice,"Houston, Texas"
Richmond Spiders,richmond,"Richmond, Virginia"
Rider Broncs,rider,"Lawrenceville, New Jersey"
Ripon Red Hawks,ripon,"Ripon, Wisconsin"
Roanoke Maroons,roanoke,"Salem, Virginia"
Robert Morris Colonials,robert-morris,"Moon Township, Pennsylvania"
Rochester (NY) Yellowjackets,rochester-ny,"Rochester, New York"
Rose-Hulman Fightin' Engineers,rose-hulman,"Terre Haute, Indiana"
Rutgers Scarlet Knights,rutgers,"New Brunswick, New Jersey"
Sacramento State Hornets,sacramento-state,"Sacramento, California"
Sacred Heart Pioneers,sacred-heart,"Fairfield, Connecticut"
Saint Francis (PA) Red Flash,saint-francis-pa,"Loretto, Pennsylvania"
Saint Joseph's Hawks,saint-josephs,"Philadelphia, Pennsylvania"
Saint Louis Billikens,saint-louis,"St. Louis, Missouri"
Saint Mary's (CA) Gaels,saint-marys-ca,"Moraga, California"
Saint Peter's Peacocks,saint-peters,"Jersey City, New Jersey"
Sam Houston State Bearkats,sam-houston-state,"Huntsville, Texas"
Samford Bulldogs,samford,"Birmingham, Alabama"
San Diego State Aztecs,san-diego-state,"San Diego, California"
San Diego Toreros,san-diego,"San Diego, California"
San Francisco Dons,san-francisco,"San Francisco, California"
San Jose State Spartans,san-jose-state,"San Jose, California"
Santa Clara Broncos,santa-clara,"Santa Clara, California"
Savage School of Physical Education ,savage-school-of-physical-education,"New York, New York"
Savannah State Tigers,savannah-state,"Savannah, Georgia"
Scranton Royals,scranton,"Scranton, Pennsylvania"
Seattle Redhawks,seattle,"Seattle, Washington"
Seton Hall Pirates,seton-hall,"South Orange, New Jersey"
Sewanee Tigers,sewanee,"Sewanee, Tennessee"
Siena Saints,siena,"Loudonville, New York"
South Alabama Jaguars,south-alabama,"Mobile, Alabama"
South Carolina Gamecocks,south-carolina,"Columbia, South Carolina"
South Carolina State Bulldogs,south-carolina-state,"Orangeburg, South Carolina"
South Carolina Upstate Spartans,south-carolina-upstate,"Spartanburg, South Carolina"
South Dakota Coyotes,south-dakota,"Vermillion, South Dakota"
South Dakota State Jackrabbits,south-dakota-state,"Brookings, South Dakota"
South Florida Bulls,south-florida,"Tampa, Florida"
Southeast Missouri State Redhawks,southeast-missouri-state,"Cape Girardeau, Missouri"
Southeastern Louisiana Lions,southeastern-louisiana,"Hammond, Louisiana"
Southern California Trojans,southern-california,"Los Angeles, California"
Southern Illinois Salukis,southern-illinois,"Carbondale, Illinois"
Southern Illinois-Edwardsville Cougars,southern-illinois-edwardsville,"Edwardsville, Illinois"
Southern Jaguars,southern,"Baton Rouge, Louisiana"
Southern Methodist Mustangs,southern-methodist,"Dallas, Texas"
Southern Mississippi Golden Eagles,southern-mississippi,"Hattiesburg, Mississippi"
Southern Utah Thunderbirds,southern-utah,"Cedar City, Utah"
Southwestern (KS) Moundbuilders,southwestern-ks,"Winfield, Kansas"
Southwestern (TX) Pirates,southwestern-tx,"Georgetown, Texas"
Springfield Pride,springfield,"Springfield, Massachusetts"
St. Bonaventure Bonnies,st-bonaventure,"St. Bonaventure, New York"
St. Francis (NY) Terriers,st-francis-ny,"Brooklyn Heights, New York"
St. John's (NY) Red Storm,st-johns-ny,"Queens, New York"
St. John's College (OH) ,st-johns-college-oh,"Toledo, Ohio"
St. Lawrence Saints,st-lawrence,"Canton, New York"
Stanford Cardinal,stanford,"Stanford, California"
Stephen F. Austin Lumberjacks,stephen-f-austin,"Nacogdoches, Texas"
Stetson Hatters,stetson,"DeLand, Florida"
Stevens Institute Ducks,stevens-institute,"Hoboken, New Jersey"
Stony Brook Seawolves,stony-brook,"Stony Brook, New York"
SUNY-Potsdam Bears,suny-potsdam,"Potsdam, New York"
Swarthmore Garnet,swarthmore,"Swarthmore, Pennsylvania"
Syracuse Orange,syracuse,"Syracuse, New York"
Temple Owls,temple,"Philadelphia, Pennsylvania"
Tennessee State Tigers,tennessee-state,"Nashville, Tennessee"
Tennessee Tech Golden Eagles,tennessee-tech,"Cookeville, Tennessee"
Tennessee Volunteers,tennessee,"Knoxville, Tennessee"
Tennessee-Martin Skyhawks,tennessee-martin,"Martin, Tennessee"
Texas A&M Aggies,texas-am,"College Station, Texas"
Texas A&M-Corpus Christi Islanders,texas-am-corpus-christi,"Corpus Christi, Texas"
Texas Christian Horned Frogs,texas-christian,"Fort Worth, Texas"
Texas Longhorns,texas,"Austin, Texas"
Texas Southern Tigers,texas-southern,"Houston, Texas"
Texas State Bobcats,texas-state,"San Marcos, Texas"
Texas Tech Red Raiders,texas-tech,"Lubbock, Texas"
Texas Wesleyan Rams,texas-wesleyan,"Fort Worth, Texas"
Texas-Arlington Mavericks,texas-arlington,"Arlington, Texas"
Texas-El Paso Miners,texas-el-paso,"El Paso, Texas"
Texas-Rio Grande Valley Vaqueros,texas-pan-american,"Edinburg, Texas"
Texas-San Antonio Roadrunners,texas-san-antonio,"San Antonio, Texas"
Toledo Rockets,toledo,"Toledo, Ohio"
Towson Tigers,towson,"Towson, Maryland"
Trinity (CT) Bantams,trinity-ct,"Hartford, Connecticut"
Trinity (TX) Tigers,trinity-tx,"San Antonio, Texas"
Troy Trojans,troy,"Troy, Alabama"
Tulane Green Wave,tulane,"New Orleans, Louisiana"
Tulsa Golden Hurricane,tulsa,"Tulsa, Oklahoma"
U.S. International Gulls,alliant-international,"San Diego, California"
UC-Davis Aggies,california-davis,"Davis, California"
UC-Irvine Anteaters,california-irvine,"Irvine, California"
UC-Riverside Highlanders,california-riverside,"Riverside, California"
UC-Santa Barbara Gauchos,california-santa-barbara,"Santa Barbara, California"
UCLA Bruins,ucla,"Los Angeles, California"
Union (NY) Dutchmen,union-ny,"Schenectady, New York"
University of California Golden Bears,california,"Berkeley, California"
Utah State Aggies,utah-state,"Logan, Utah"
Utah Utes,utah,"Salt Lake City, Utah"
Utah Valley Wolverines,utah-valley,"Orem, Utah"
Utica Pioneers,utica,"Utica, New York"
Valparaiso Crusaders,valparaiso,"Valparaiso, Indiana"
Vanderbilt Commodores,vanderbilt,"Nashville, Tennessee"
Vermont Catamounts,vermont,"Burlington, Vermont"
Villanova Wildcats,villanova,"Villanova, Pennsylvania"
Virginia Cavaliers,virginia,"Charlottesville, Virginia"
Virginia Commonwealth Rams,virginia-commonwealth,"Richmond, Virginia"
Virginia Military Institute Keydets,virginia-military-institute,"Lexington, Virginia"
Virginia Tech Hokies,virginia-tech,"Blacksburg, Virginia"
Wabash Little Giants,wabash,"Crawfordsville, Indiana"
Wagner Seahawks,wagner,"Staten Island, New York"
Wake Forest Demon Deacons,wake-forest,"Winston-Salem, North Carolina"
Washburn Ichabods,washburn,"Topeka, Kansas"
Washington & Jefferson Presidents,washington-jefferson,"Washington, Pennsylvania"
Washington & Lee Generals,washington-lee,"Lexington, Virginia"
Washington (MO) Bears,washington-mo,"St. Louis, Missouri"
Washington College Shoremen,washington-college,"Chestertown, Maryland"
Washington Huskies,washington,"Seattle, Washington"
Washington State Cougars,washington-state,"Pullman, Washington"
Wayne State (MI) Warriors,wayne-state-mi,"Detroit, Michigan"
Weber State Wildcats,weber-state,"Ogden, Utah"
Wesleyan (CT) Cardinals,wesleyan-ct,"Middletown, Connecticut"
West Chester Golden Rams,west-chester,"West Chester, Pennsylvania"
West Texas A&M Buffaloes,west-texas-am,"Canyon, Texas"
West Virginia Mountaineers,west-virginia,"Morgantown, West Virginia"
Western Carolina Catamounts,western-carolina,"Cullowhee, North Carolina"
Western Colorado Mountaineers,western-state,"Gunnison, Colorado"
Western Illinois Leathernecks,western-illinois,"Macomb, Illinois"
Western Kentucky Hilltoppers,western-kentucky,"Bowling Green, Kentucky"
Western Michigan Broncos,western-michigan,"Kalamazoo, Michigan"
Westminster (MO) Blue Jays,westminster-mo,"Fulton, Missouri"
Westminster (PA) Titans,westminster-pa,"New Wilmington, Pennsylvania"
Wheaton (IL) Thunder,wheaton-il,"Wheaton, Illinois"
Whittier Poets,whittier,"Whittier, California"
Wichita State Shockers,wichita-state,"Wichita, Kansas"
Widener Pride,widener,"Chester, Pennsylvania"
William & Mary Tribe,william-mary,"Williamsburg, Virginia"
Williams Ephs,williams,"Williamstown, Massachusetts"
Winthrop Eagles,winthrop,"Rock Hill, South Carolina"
Wisconsin Badgers,wisconsin,"Madison, Wisconsin"
Wisconsin-Stevens Point Pointers,wisconsin-stevens-point,"Stevens Point, Wisconsin"
Wisconsin-Superior Yellowjackets,wisconsin-superior,"Superior, Wisconsin"
Wittenberg Tigers,wittenberg,"Springfield, Ohio"
Wofford Terriers,wofford,"Spartanburg, South Carolina"
Wooster Fighting Scots,wooster,"Wooster, Ohio"
Worcester Tech Engineers,worcester-tech,"Worcester, Massachusetts"
Wright State Raiders,wright-state,"Dayton, Ohio"
Wyoming Cowboys,wyoming,"Laramie, Wyoming"
Xavier Musketeers,xavier,"Cincinnati, Ohio"
Yale Bulldogs,yale,"New Haven, Connecticut"
Youngstown State Penguins,youngstown-state,"Youngstown, Ohio"
